{
  "best_mae": 1.6129809617996216,
  "final_mae": 1.6129809617996216,
  "final_loss": 3.747058868408203,
  "num_users": 10678,
  "num_books": 58332
}